id,activitydate,totalsteps,totaldistance,trackerdistance,loggedactivitiesdistance,veryactivedistance,moderatelyactivedistance,lightactivedistance,sedentaryactivedistance,veryactiveminutes,fairlyactiveminutes,lightlyactiveminutes,sedentaryminutes,calories,steptotal
1503960366,2016-04-12,13162,8.5,8.5,0.0,1.87999999523163,0.550000011920929,6.05999994277954,0.0,25,13,328,728,1985,13162
1503960366,2016-04-13,10735,6.96999979019165,6.96999979019165,0.0,1.57000005245209,0.689999997615814,4.71000003814697,0.0,21,19,217,776,1797,10735
1503960366,2016-04-14,10460,6.73999977111816,6.73999977111816,0.0,2.44000005722046,0.400000005960464,3.91000008583069,0.0,30,11,181,1218,1776,10460
1503960366,2016-04-16,12669,8.15999984741211,8.15999984741211,0.0,2.71000003814697,0.409999996423721,5.03999996185303,0.0,36,10,221,773,1863,12669
1503960366,2016-04-17,9705,6.48000001907349,6.48000001907349,0.0,3.19000005722046,0.779999971389771,2.50999999046326,0.0,38,20,164,539,1728,9705
1503960366,2016-04-18,13019,8.59000015258789,8.59000015258789,0.0,3.25,0.639999985694885,4.71000003814697,0.0,42,16,233,1149,1921,13019
1503960366,2016-04-20,10544,6.67999982833862,6.67999982833862,0.0,1.96000003814697,0.479999989271164,4.23999977111816,0.0,28,12,205,818,1786,10544
1503960366,2016-04-21,9819,6.34000015258789,6.34000015258789,0.0,1.3400000333786,0.349999994039536,4.65000009536743,0.0,19,8,211,838,1775,9819
1503960366,2016-04-23,14371,9.03999996185303,9.03999996185303,0.0,2.80999994277954,0.870000004768372,5.3600001335144,0.0,41,21,262,732,1949,14371
1503960366,2016-04-24,10039,6.40999984741211,6.40999984741211,0.0,2.92000007629395,0.209999993443489,3.27999997138977,0.0,39,5,238,709,1788,10039
1503960366,2016-04-26,13755,8.78999996185303,8.78999996185303,0.0,2.32999992370605,0.920000016689301,5.53999996185303,0.0,31,23,279,833,1970,13755
1503960366,2016-04-29,11181,7.15000009536743,7.15000009536743,0.0,1.05999994277954,0.5,5.57999992370605,0.0,16,12,243,815,1837,11181
1503960366,2016-05-02,14727,9.71000003814697,9.71000003814697,0.0,3.21000003814697,0.569999992847443,5.92000007629395,0.0,41,15,277,798,2004,14727
1503960366,2016-05-04,11100,7.15000009536743,7.15000009536743,0.0,2.46000003814697,0.870000004768372,3.8199999332428,0.0,36,22,203,1179,1819,11100
1503960366,2016-05-05,14070,8.89999961853027,8.89999961853027,0.0,2.92000007629395,1.08000004291534,4.88000011444092,0.0,45,24,250,857,1959,14070
1503960366,2016-05-06,12159,8.02999973297119,8.02999973297119,0.0,1.97000002861023,0.25,5.80999994277954,0.0,24,6,289,754,1896,12159
1503960366,2016-05-08,10060,6.57999992370605,6.57999992370605,0.0,3.52999997138977,0.319999992847443,2.73000001907349,0.0,44,8,203,574,1740,10060
1503960366,2016-05-11,12770,8.13000011444092,8.13000011444092,0.0,2.55999994277954,1.00999999046326,4.55000019073486,0.0,36,23,251,669,1783,12770
1624580081,2016-04-12,8163,5.30999994277954,5.30999994277954,0.0,0.0,0.0,5.30999994277954,0.0,0,0,146,1294,1432,8163
1624580081,2016-04-13,7007,4.55000019073486,4.55000019073486,0.0,0.0,0.0,4.55000019073486,0.0,0,0,148,1292,1411,7007
1624580081,2016-04-15,1510,0.980000019073486,0.980000019073486,0.0,0.0,0.0,0.970000028610229,0.0,0,0,96,1344,1344,1510
1624580081,2016-04-16,5370,3.49000000953674,3.49000000953674,0.0,0.0,0.0,3.49000000953674,0.0,0,0,176,1264,1463,5370
1624580081,2016-04-19,2916,1.89999997615814,1.89999997615814,0.0,0.0,0.0,1.89999997615814,0.0,0,0,141,1299,1435,2916
1624580081,2016-04-20,4974,3.23000001907349,3.23000001907349,0.0,0.0,0.0,3.23000001907349,0.0,0,0,151,1289,1446,4974
1624580081,2016-04-22,4026,2.61999988555908,2.61999988555908,0.0,0.0,0.0,2.59999990463257,0.0,0,0,199,1241,1470,4026
1624580081,2016-04-24,6076,3.95000004768372,3.95000004768372,0.0,1.14999997615814,0.910000026226044,1.88999998569489,0.0,16,18,185,1221,1617,6076
1624580081,2016-04-28,2759,1.78999996185303,1.78999996185303,0.0,0.0,0.200000002980232,1.60000002384186,0.0,0,5,115,1320,1401,2759
1624580081,2016-04-29,2390,1.54999995231628,1.54999995231628,0.0,0.0,0.0,1.54999995231628,0.0,0,0,150,1290,1404,2390
1624580081,2016-05-02,7155,4.92999982833862,4.92999982833862,0.0,0.860000014305115,0.589999973773956,3.47000002861023,0.0,7,6,166,1261,1497,7155
1624580081,2016-05-04,2193,1.42999994754791,1.42999994754791,0.0,0.0,0.0,1.41999995708466,0.0,0,0,118,1322,1368,2193
1624580081,2016-05-07,2104,1.37000000476837,1.37000000476837,0.0,0.0,0.0,1.37000000476837,0.0,0,0,182,1258,1474,2104
1624580081,2016-05-08,3427,2.23000001907349,2.23000001907349,0.0,0.0,0.0,2.22000002861023,0.0,0,0,152,1288,1427,3427
1624580081,2016-05-09,1732,1.12999999523163,1.12999999523163,0.0,0.0,0.0,1.12999999523163,0.0,0,0,91,1349,1328,1732
1624580081,2016-05-11,3134,2.03999996185303,2.03999996185303,0.0,0.0,0.0,2.03999996185303,0.0,0,0,112,1328,1359,3134
1644430081,2016-04-13,8001,5.82000017166138,5.82000017166138,0.0,2.27999997138977,0.899999976158142,2.64000010490417,0.0,30,16,135,1259,2902,8001
1644430081,2016-04-15,5263,3.82999992370605,3.82999992370605,0.0,0.219999998807907,0.150000005960464,3.45000004768372,0.0,3,4,170,1263,2750,5263
1644430081,2016-04-17,8757,6.36999988555908,6.36999988555908,0.0,2.25,0.569999992847443,3.54999995231628,0.0,29,13,186,1212,3011,8757
1644430081,2016-04-23,6637,4.82999992370605,4.82999992370605,0.0,0.0,0.579999983310699,4.25,0.0,0,15,160,1265,2677,6637
1644430081,2016-04-24,3321,2.41000008583069,2.41000008583069,0.0,0.0,0.0,2.41000008583069,0.0,0,0,89,1351,2413,3321
1644430081,2016-04-25,3580,2.59999990463257,2.59999990463257,0.0,0.589999973773956,0.0599999986588955,1.95000004768372,0.0,8,1,94,1337,2497,3580
1644430081,2016-04-27,3032,2.20000004768372,2.20000004768372,0.0,0.0,0.0,2.20000004768372,0.0,0,0,118,1322,2489,3032
1644430081,2016-04-29,3176,2.30999994277954,2.30999994277954,0.0,0.0,0.0,2.30999994277954,0.0,0,0,120,1193,2498,3176
1644430081,2016-05-01,6132,4.46000003814697,4.46000003814697,0.0,0.239999994635582,0.990000009536743,3.23000001907349,0.0,3,24,146,908,2696,6132
1644430081,2016-05-02,3758,2.73000001907349,2.73000001907349,0.0,0.0700000002980232,0.310000002384186,2.34999990463257,0.0,1,7,148,682,2580,3758
1644430081,2016-05-08,6724,4.8899998664856,4.8899998664856,0.0,0.0,0.0,4.88000011444092,0.0,0,0,295,991,2987,6724
1844505072,2016-04-12,6697,4.42999982833862,4.42999982833862,0.0,0.0,0.0,4.42999982833862,0.0,0,0,339,1101,2030,6697
1844505072,2016-04-13,4929,3.25999999046326,3.25999999046326,0.0,0.0,0.0,3.25999999046326,0.0,0,0,248,1192,1860,4929
1844505072,2016-04-14,7937,5.25,5.25,0.0,0.0,0.0,5.23000001907349,0.0,0,0,373,843,2130,7937
1844505072,2016-04-15,3844,2.53999996185303,2.53999996185303,0.0,0.0,0.0,2.53999996185303,0.0,0,0,176,527,1725,3844
1844505072,2016-04-16,3414,2.25999999046326,2.25999999046326,0.0,0.0,0.0,2.25999999046326,0.0,0,0,147,1293,1657,3414
1844505072,2016-04-17,4525,2.99000000953674,2.99000000953674,0.0,0.140000000596046,0.259999990463257,2.58999991416931,0.0,2,8,199,1231,1793,4525
1844505072,2016-04-18,4597,3.03999996185303,3.03999996185303,0.0,0.0,0.479999989271164,2.55999994277954,0.0,0,12,217,1211,1814,4597
1844505072,2016-04-19,197,0.129999995231628,0.129999995231628,0.0,0.0,0.0,0.129999995231628,0.0,0,0,10,1430,1366,197
1844505072,2016-04-20,8,0.0099999997764825,0.0099999997764825,0.0,0.0,0.0,0.0099999997764825,0.0,0,0,1,1439,1349,8
1844505072,2016-04-21,8054,5.32000017166138,5.32000017166138,0.0,0.119999997317791,0.519999980926514,4.67999982833862,0.0,2,13,308,1117,2062,8054
1844505072,2016-04-22,5372,3.54999995231628,3.54999995231628,0.0,0.0,0.0,3.54999995231628,0.0,0,0,220,1220,1827,5372
1844505072,2016-04-23,3570,2.35999989509583,2.35999989509583,0.0,0.0,0.0,2.35999989509583,0.0,0,0,139,1301,1645,3570
1844505072,2016-04-24,0,0.0,0.0,0.0,0.0,0.0,0.0,0.0,0,0,0,1440,1347,0
1844505072,2016-04-25,0,0.0,0.0,0.0,0.0,0.0,0.0,0.0,0,0,0,1440,1347,0
1844505072,2016-04-26,0,0.0,0.0,0.0,0.0,0.0,0.0,0.0,0,0,0,1440,1347,0
1844505072,2016-04-27,4,0.0,0.0,0.0,0.0,0.0,0.0,0.0,0,0,1,1439,1348,4
1844505072,2016-04-28,6907,4.57000017166138,4.57000017166138,0.0,0.0,0.0,4.55999994277954,0.0,0,0,302,1138,1992,6907
1844505072,2016-04-29,4920,3.25,3.25,0.0,0.0,0.0,3.25,0.0,0,0,247,1082,1856,4920
1844505072,2016-04-30,4014,2.67000007629395,2.67000007629395,0.0,0.0,0.0,2.65000009536743,0.0,0,0,184,218,1763,4014
1844505072,2016-05-01,2573,1.70000004768372,1.70000004768372,0.0,0.0,0.259999990463257,1.45000004768372,0.0,0,7,75,585,1541,2573
1844505072,2016-05-02,0,0.0,0.0,0.0,0.0,0.0,0.0,0.0,0,0,0,1440,1348,0
1844505072,2016-05-03,4059,2.6800000667572,2.6800000667572,0.0,0.0,0.0,2.6800000667572,0.0,0,0,184,1256,1742,4059
1844505072,2016-05-04,2080,1.37000000476837,1.37000000476837,0.0,0.0,0.0,1.37000000476837,0.0,0,0,87,1353,1549,2080
1844505072,2016-05-05,2237,1.48000001907349,1.48000001907349,0.0,0.0,0.0,1.48000001907349,0.0,0,0,120,1320,1589,2237
1844505072,2016-05-06,44,0.0299999993294477,0.0299999993294477,0.0,0.0,0.0,0.0299999993294477,0.0,0,0,2,1438,1351,44
1844505072,2016-05-07,0,0.0,0.0,0.0,0.0,0.0,0.0,0.0,0,0,0,1440,1347,0
1844505072,2016-05-08,0,0.0,0.0,0.0,0.0,0.0,0.0,0.0,0,0,0,1440,1347,0
1844505072,2016-05-09,0,0.0,0.0,0.0,0.0,0.0,0.0,0.0,0,0,0,1440,1347,0
1844505072,2016-05-10,0,0.0,0.0,0.0,0.0,0.0,0.0,0.0,0,0,0,1440,1347,0
1844505072,2016-05-11,0,0.0,0.0,0.0,0.0,0.0,0.0,0.0,0,0,0,1440,1347,0
1927972279,2016-04-12,678,0.469999998807907,0.469999998807907,0.0,0.0,0.0,0.469999998807907,0.0,0,0,55,734,2220,678
1927972279,2016-04-13,356,0.25,0.25,0.0,0.0,0.0,0.25,0.0,0,0,32,986,2151,356
1927972279,2016-04-14,2163,1.5,1.5,0.0,0.0,0.400000005960464,1.10000002384186,0.0,0,9,88,1292,2383,2163
1927972279,2016-04-15,980,0.680000007152557,0.680000007152557,0.0,0.0,0.0,0.680000007152557,0.0,0,0,51,941,2221,980
1927972279,2016-04-16,0,0.0,0.0,0.0,0.0,0.0,0.0,0.0,0,0,0,1440,2064,0
1927972279,2016-04-17,0,0.0,0.0,0.0,0.0,0.0,0.0,0.0,0,0,0,1440,2063,0
1927972279,2016-04-18,244,0.170000001788139,0.170000001788139,0.0,0.0,0.0,0.170000001788139,0.0,0,0,17,1423,2111,244
1927972279,2016-04-19,0,0.0,0.0,0.0,0.0,0.0,0.0,0.0,0,0,0,1440,2063,0
1927972279,2016-04-20,0,0.0,0.0,0.0,0.0,0.0,0.0,0.0,0,0,0,1440,2063,0
1927972279,2016-04-21,0,0.0,0.0,0.0,0.0,0.0,0.0,0.0,0,0,0,1440,2064,0
1927972279,2016-04-22,149,0.100000001490116,0.100000001490116,0.0,0.0,0.0,0.100000001490116,0.0,0,0,10,1430,2093,149
1927972279,2016-04-23,2945,2.03999996185303,2.03999996185303,0.0,0.0,0.0,2.03999996185303,0.0,0,0,145,1295,2499,2945
1927972279,2016-04-24,2090,1.45000004768372,1.45000004768372,0.0,0.0700000002980232,0.239999994635582,1.13999998569489,0.0,1,6,75,1358,2324,2090
1927972279,2016-04-25,152,0.109999999403954,0.109999999403954,0.0,0.0,0.0,0.109999999403954,0.0,0,0,12,1303,2100,152
1927972279,2016-04-26,3761,2.59999990463257,2.59999990463257,0.0,0.0,0.0,2.59999990463257,0.0,0,0,192,1058,2638,3761
1927972279,2016-04-27,0,0.0,0.0,0.0,0.0,0.0,0.0,0.0,0,0,0,1440,2063,0
1927972279,2016-04-28,1675,1.1599999666214,1.1599999666214,0.0,0.0,0.0,1.1599999666214,0.0,0,0,95,1167,2351,1675
1927972279,2016-04-29,0,0.0,0.0,0.0,0.0,0.0,0.0,0.0,0,0,0,1440,2063,0
1927972279,2016-04-30,0,0.0,0.0,0.0,0.0,0.0,0.0,0.0,0,0,0,1440,2064,0
1927972279,2016-05-01,2704,1.87000000476837,1.87000000476837,0.0,1.00999999046326,0.0299999993294477,0.829999983310699,0.0,14,1,70,1355,2411,2704
1927972279,2016-05-02,3790,2.61999988555908,2.61999988555908,0.0,1.1599999666214,0.300000011920929,1.1599999666214,0.0,16,8,94,1322,2505,3790
1927972279,2016-05-03,1326,0.920000016689301,0.920000016689301,0.0,0.730000019073486,0.0,0.180000007152557,0.0,10,0,17,1413,2195,1326
1927972279,2016-05-04,1786,1.24000000953674,1.24000000953674,0.0,0.0,0.0,1.24000000953674,0.0,0,0,87,1353,2338,1786
1927972279,2016-05-05,0,0.0,0.0,0.0,0.0,0.0,0.0,0.0,0,0,0,1440,2063,0
1927972279,2016-05-06,2091,1.45000004768372,1.45000004768372,0.0,0.0,0.0,1.45000004768372,0.0,0,0,108,1332,2383,2091
1927972279,2016-05-07,1510,1.03999996185303,1.03999996185303,0.0,0.0,0.0,1.03999996185303,0.0,0,0,48,1392,2229,1510
1927972279,2016-05-08,0,0.0,0.0,0.0,0.0,0.0,0.0,0.0,0,0,0,1440,2063,0
1927972279,2016-05-09,0,0.0,0.0,0.0,0.0,0.0,0.0,0.0,0,0,0,1440,2063,0
1927972279,2016-05-10,0,0.0,0.0,0.0,0.0,0.0,0.0,0.0,0,0,0,1440,2063,0
1927972279,2016-05-11,0,0.0,0.0,0.0,0.0,0.0,0.0,0.0,0,0,0,1440,2063,0
1927972279,2016-05-12,0,0.0,0.0,0.0,0.0,0.0,0.0,0.0,0,0,0,966,1383,0
2022484408,2016-04-12,11875,8.34000015258789,8.34000015258789,0.0,3.30999994277954,0.769999980926514,4.26000022888184,0.0,42,14,227,1157,2390,11875
2022484408,2016-04-13,12024,8.5,8.5,0.0,2.99000000953674,0.100000001490116,5.40999984741211,0.0,43,5,292,1100,2601,12024
2022484408,2016-04-14,10690,7.5,7.5,0.0,2.48000001907349,0.209999993443489,4.82000017166138,0.0,32,3,257,1148,2312,10690
2022484408,2016-04-15,11034,8.02999973297119,8.02999973297119,0.0,1.94000005722046,0.310000002384186,5.78000020980835,0.0,27,9,282,1122,2525,11034
2022484408,2016-04-16,10100,7.09000015258789,7.09000015258789,0.0,3.15000009536743,0.550000011920929,3.39000010490417,0.0,41,11,151,1237,2177,10100
2022484408,2016-04-17,15112,11.3999996185303,11.3999996185303,0.0,3.86999988555908,0.660000026226044,6.88000011444092,0.0,28,29,331,1052,2782,15112
2022484408,2016-04-19,11548,8.52999973297119,8.52999973297119,0.0,3.28999996185303,0.239999994635582,5.0,0.0,31,7,250,1152,2489,11548
2022484408,2016-04-23,6001,4.21000003814697,4.21000003814697,0.0,0.0,0.0,4.21000003814697,0.0,0,0,249,1191,2069,6001
2022484408,2016-04-25,11369,8.01000022888184,8.01000022888184,0.0,3.32999992370605,0.219999998807907,4.46000003814697,0.0,44,8,217,1171,2470,11369
2022484408,2016-04-27,10159,7.13000011444092,7.13000011444092,0.0,1.03999996185303,0.970000028610229,5.11999988555908,0.0,19,20,282,1119,2463,10159
2022484408,2016-04-28,10140,7.11999988555908,7.11999988555908,0.0,0.409999996423721,1.33000004291534,5.3899998664856,0.0,6,20,291,1123,2296,10140
2022484408,2016-05-01,10538,7.40000009536743,7.40000009536743,0.0,1.94000005722046,0.959999978542328,4.5,0.0,25,28,245,1142,2380,10538
2022484408,2016-05-02,10379,7.28999996185303,7.28999996185303,0.0,2.60999989509583,0.340000003576279,4.32999992370605,0.0,36,8,277,1119,2473,10379
2022484408,2016-05-04,11768,8.28999996185303,8.28999996185303,0.0,2.50999999046326,0.930000007152557,4.84999990463257,0.0,36,27,272,1105,2649,11768
2022484408,2016-05-06,10227,7.17999982833862,7.17999982833862,0.0,1.87000000476837,0.670000016689301,4.6399998664856,0.0,24,17,295,1104,2498,10227
2022484408,2016-05-07,6708,4.71000003814697,4.71000003814697,0.0,1.61000001430511,0.0799999982118607,3.01999998092651,0.0,20,2,149,1269,1995,6708
2022484408,2016-05-08,3292,2.30999994277954,2.30999994277954,0.0,0.0,0.0,2.30999994277954,0.0,0,0,135,1305,1848,3292
2022484408,2016-05-12,9117,6.40999984741211,6.40999984741211,0.0,1.27999997138977,0.670000016689301,4.44000005722046,0.0,16,16,236,728,1853,9117
2026352035,2016-04-12,4414,2.74000000953674,2.74000000953674,0.0,0.189999997615814,0.349999994039536,2.20000004768372,0.0,3,8,181,706,1459,4414
2026352035,2016-04-13,4993,3.09999990463257,3.09999990463257,0.0,0.0,0.0,3.09999990463257,0.0,0,0,238,663,1521,4993
2026352035,2016-04-14,3335,2.0699999332428,2.0699999332428,0.0,0.0,0.0,2.04999995231628,0.0,0,0,197,653,1431,3335
2026352035,2016-04-15,3821,2.36999988555908,2.36999988555908,0.0,0.0,0.0,2.36999988555908,0.0,0,0,188,687,1444,3821
2026352035,2016-04-16,2547,1.58000004291534,1.58000004291534,0.0,0.0,0.0,1.58000004291534,0.0,0,0,150,728,1373,2547
2026352035,2016-04-17,838,0.519999980926514,0.519999980926514,0.0,0.0,0.0,0.519999980926514,0.0,0,0,60,1053,1214,838
2026352035,2016-04-18,3325,2.05999994277954,2.05999994277954,0.0,0.0,0.0,2.05999994277954,0.0,0,0,182,1062,1419,3325
2026352035,2016-04-19,2424,1.5,1.5,0.0,0.0,0.0,1.5,0.0,0,0,141,785,1356,2424
2026352035,2016-04-20,7222,4.48000001907349,4.48000001907349,0.0,0.0,0.0,4.48000001907349,0.0,0,0,327,623,1667,7222
2026352035,2016-04-21,2467,1.52999997138977,1.52999997138977,0.0,0.0,0.0,1.52999997138977,0.0,0,0,153,749,1370,2467
2026352035,2016-04-22,2915,1.80999994277954,1.80999994277954,0.0,0.0,0.0,1.80999994277954,0.0,0,0,162,712,1399,2915
2026352035,2016-04-23,12357,7.71000003814697,7.71000003814697,0.0,0.0,0.0,7.71000003814697,0.0,0,0,432,458,1916,12357
2026352035,2016-04-24,3490,2.16000008583069,2.16000008583069,0.0,0.0,0.0,2.16000008583069,0.0,0,0,164,704,1401,3490
2026352035,2016-04-25,6017,3.73000001907349,3.73000001907349,0.0,0.0,0.0,3.73000001907349,0.0,0,0,260,821,1576,6017
2026352035,2016-04-26,5933,3.6800000667572,3.6800000667572,0.0,0.0,0.0,3.6800000667572,0.0,0,0,288,1018,1595,5933
2026352035,2016-04-27,6088,3.76999998092651,3.76999998092651,0.0,0.0,0.0,3.76999998092651,0.0,0,0,286,586,1593,6088
2026352035,2016-04-28,6375,3.95000004768372,3.95000004768372,0.0,0.0,0.0,3.95000004768372,0.0,0,0,331,626,1649,6375
2026352035,2016-04-29,7604,4.71000003814697,4.71000003814697,0.0,0.0,0.0,4.71000003814697,0.0,0,0,352,492,1692,7604
2026352035,2016-04-30,4729,2.9300000667572,2.9300000667572,0.0,0.0,0.0,2.9300000667572,0.0,0,0,233,594,1506,4729
2026352035,2016-05-01,3609,2.27999997138977,2.27999997138977,0.0,0.0,0.0,2.27999997138977,0.0,0,0,191,716,1447,3609
2026352035,2016-05-02,7018,4.34999990463257,4.34999990463257,0.0,0.0,0.0,4.34999990463257,0.0,0,0,355,716,1690,7018
2026352035,2016-05-03,5992,3.72000002861023,3.72000002861023,0.0,0.0,0.0,3.72000002861023,0.0,0,0,304,981,1604,5992
2026352035,2016-05-04,6564,4.07000017166138,4.07000017166138,0.0,0.0,0.0,4.07000017166138,0.0,0,0,345,530,1658,6564
2026352035,2016-05-05,12167,7.53999996185303,7.53999996185303,0.0,0.0,0.0,7.53999996185303,0.0,0,0,475,479,1926,12167
2026352035,2016-05-06,8198,5.07999992370605,5.07999992370605,0.0,0.0,0.0,5.07999992370605,0.0,0,0,383,511,1736,8198
2026352035,2016-05-07,4193,2.59999990463257,2.59999990463257,0.0,0.0,0.0,2.59999990463257,0.0,0,0,229,665,1491,4193
2026352035,2016-05-08,5528,3.45000004768372,3.45000004768372,0.0,0.0,0.0,3.45000004768372,0.0,0,0,258,610,1555,5528
2026352035,2016-05-09,10685,6.61999988555908,6.61999988555908,0.0,0.0,0.0,6.59999990463257,0.0,0,0,401,543,1869,10685
2026352035,2016-05-10,254,0.159999996423721,0.159999996423721,0.0,0.0,0.0,0.159999996423721,0.0,0,0,17,1002,1141,254
2026352035,2016-05-11,8580,5.32000017166138,5.32000017166138,0.0,0.0,0.0,5.32000017166138,0.0,0,0,330,569,1698,8580
2026352035,2016-05-12,8891,5.51000022888184,5.51000022888184,0.0,0.0,0.0,5.51000022888184,0.0,0,0,343,330,1364,8891
2320127002,2016-04-12,10725,7.48999977111816,7.48999977111816,0.0,1.16999995708466,0.310000002384186,6.01000022888184,0.0,13,9,306,1112,2124,10725
2320127002,2016-04-13,7275,4.90000009536743,4.90000009536743,0.0,0.0,0.0,4.90000009536743,0.0,0,0,335,1105,2003,7275
2320127002,2016-04-14,3973,2.6800000667572,2.6800000667572,0.0,0.0,0.0,2.6800000667572,0.0,0,0,191,1249,1696,3973
2320127002,2016-04-15,5205,3.50999999046326,3.50999999046326,0.0,0.0,0.0,3.50999999046326,0.0,0,0,245,1195,1801,5205
2320127002,2016-04-16,5057,3.41000008583069,3.41000008583069,0.0,0.0,0.0,3.40000009536743,0.0,0,0,195,1245,1724,5057
2320127002,2016-04-17,6198,4.17999982833862,4.17999982833862,0.0,0.0,0.0,4.17999982833862,0.0,0,0,249,1191,1852,6198
2320127002,2016-04-18,6559,4.42000007629395,4.42000007629395,0.0,0.0,0.259999990463257,4.1399998664856,0.0,0,7,260,1173,1905,6559
2320127002,2016-04-19,5997,4.03999996185303,4.03999996185303,0.0,0.0,0.379999995231628,3.66000008583069,0.0,0,11,228,1201,1811,5997
2320127002,2016-04-20,7192,4.84999990463257,4.84999990463257,0.0,0.0,0.490000009536743,4.34000015258789,0.0,0,11,283,1146,1922,7192
2320127002,2016-04-21,3404,2.28999996185303,2.28999996185303,0.0,0.0599999986588955,0.419999986886978,1.80999994277954,0.0,1,10,127,1302,1610,3404
2320127002,2016-04-22,5583,3.75999999046326,3.75999999046326,0.0,0.0,0.0,3.75999999046326,0.0,0,0,266,1174,1851,5583
2320127002,2016-04-23,5079,3.42000007629395,3.42000007629395,0.0,0.0,0.0,3.42000007629395,0.0,0,0,242,1129,1804,5079
2320127002,2016-04-24,4165,2.80999994277954,2.80999994277954,0.0,0.0,0.0,2.79999995231628,0.0,0,0,204,1236,1725,4165
2320127002,2016-04-25,3588,2.42000007629395,2.42000007629395,0.0,0.230000004172325,0.200000002980232,1.99000000953674,0.0,3,5,152,1280,1654,3588
2320127002,2016-04-26,3409,2.29999995231628,2.29999995231628,0.0,0.0,0.0,2.29999995231628,0.0,0,0,147,1293,1632,3409
2320127002,2016-04-27,1715,1.1599999666214,1.1599999666214,0.0,0.0,0.0,1.1599999666214,0.0,0,0,82,1358,1481,1715
2320127002,2016-04-28,1532,1.02999997138977,1.02999997138977,0.0,0.0,0.0,1.02999997138977,0.0,0,0,76,1364,1473,1532
2320127002,2016-04-29,924,0.620000004768372,0.620000004768372,0.0,0.0,0.0,0.620000004768372,0.0,0,0,45,1395,1410,924
2320127002,2016-04-30,4571,3.07999992370605,3.07999992370605,0.0,0.0,0.0,3.0699999332428,0.0,0,0,234,1206,1779,4571
2320127002,2016-05-01,772,0.519999980926514,0.519999980926514,0.0,0.0,0.0,0.519999980926514,0.0,0,0,40,1400,1403,772
2320127002,2016-05-02,3634,2.45000004768372,2.45000004768372,0.0,0.360000014305115,0.209999993443489,1.87999999523163,0.0,5,6,123,1306,1613,3634
2320127002,2016-05-03,7443,5.01999998092651,5.01999998092651,0.0,1.49000000953674,0.370000004768372,3.16000008583069,0.0,20,10,206,1204,1878,7443
2320127002,2016-05-04,1201,0.810000002384186,0.810000002384186,0.0,0.0,0.0,0.810000002384186,0.0,0,0,52,1388,1426,1201
2320127002,2016-05-05,5202,3.50999999046326,3.50999999046326,0.0,0.0,0.389999985694885,3.10999989509583,0.0,0,11,223,1206,1780,5202
2320127002,2016-05-06,4878,3.28999996185303,3.28999996185303,0.0,0.0,0.0,3.28999996185303,0.0,0,0,204,1236,1742,4878
2320127002,2016-05-07,7379,4.96999979019165,4.96999979019165,0.0,0.0,0.0,4.96999979019165,0.0,0,0,319,1121,1972,7379
2320127002,2016-05-08,5161,3.48000001907349,3.48000001907349,0.0,0.0,0.0,3.47000002861023,0.0,0,0,247,1193,1821,5161
2320127002,2016-05-09,3090,2.07999992370605,2.07999992370605,0.0,0.0,0.0,2.07999992370605,0.0,0,0,145,1295,1630,3090
2320127002,2016-05-10,6227,4.19999980926514,4.19999980926514,0.0,0.0,0.0,4.19999980926514,0.0,0,0,290,1150,1899,6227
2320127002,2016-05-11,6424,4.32999992370605,4.32999992370605,0.0,0.0,0.0,4.32999992370605,0.0,0,0,300,1140,1903,6424
2320127002,2016-05-12,2661,1.78999996185303,1.78999996185303,0.0,0.0,0.0,1.78999996185303,0.0,0,0,128,830,1125,2661
2347167796,2016-04-12,10113,6.82999992370605,6.82999992370605,0.0,2.0,0.620000004768372,4.19999980926514,0.0,28,13,320,964,2344,10113
2347167796,2016-04-15,10465,6.92000007629395,6.92000007629395,0.0,0.0700000002980232,1.41999995708466,5.42999982833862,0.0,1,24,284,720,2133,10465
2347167796,2016-04-17,5472,3.61999988555908,3.61999988555908,0.0,0.0799999982118607,0.280000001192093,3.25999999046326,0.0,1,7,249,508,1882,5472
2347167796,2016-04-18,8247,5.44999980926514,5.44999980926514,0.0,0.790000021457672,0.860000014305115,3.78999996185303,0.0,11,16,206,678,1944,8247
2347167796,2016-04-19,6711,4.44000005722046,4.44000005722046,0.0,0.0,0.0,4.44000005722046,0.0,0,7,382,648,2346,6711
2347167796,2016-04-21,10080,6.75,6.75,0.0,1.85000002384186,1.52999997138977,3.38000011444092,0.0,23,26,208,761,2048,10080
2347167796,2016-04-22,7804,5.15999984741211,5.15999984741211,0.0,0.560000002384186,1.67999994754791,2.92000007629395,0.0,9,27,206,781,1946,7804
2347167796,2016-04-24,9471,6.26000022888184,6.26000022888184,0.0,0.0,0.0,6.26000022888184,0.0,0,0,360,584,2187,9471
2347167796,2016-04-25,9482,6.38000011444092,6.38000011444092,0.0,1.26999998092651,0.519999980926514,4.59999990463257,0.0,15,11,277,653,2095,9482
2347167796,2016-04-26,5980,3.95000004768372,3.95000004768372,0.0,0.0,0.0,3.95000004768372,0.0,0,0,227,732,1861,5980
2347167796,2016-04-27,11423,7.57999992370605,7.57999992370605,0.0,1.86000001430511,0.400000005960464,5.32000017166138,0.0,26,9,295,623,2194,11423
2347167796,2016-04-28,5439,3.59999990463257,3.59999990463257,0.0,0.0,0.0,3.59999990463257,0.0,0,0,229,764,1854,5439
2873212765,2016-04-12,8796,5.90999984741211,5.90999984741211,0.0,0.109999999403954,0.930000007152557,4.88000011444092,0.0,2,21,356,1061,1982,8796
2873212765,2016-04-14,7910,5.32000017166138,5.32000017166138,0.0,0.0,0.0,5.32000017166138,0.0,0,0,331,1109,1893,7910
2873212765,2016-04-17,2524,1.70000004768372,1.70000004768372,0.0,0.0,0.349999994039536,1.3400000333786,0.0,0,8,160,1272,1529,2524
2873212765,2016-04-18,7762,5.23999977111816,5.23999977111816,0.0,0.0700000002980232,0.280000001192093,4.8899998664856,0.0,1,6,311,1122,1890,7762
2873212765,2016-04-19,7948,5.36999988555908,5.36999988555908,0.0,0.0,0.0,5.3600001335144,0.0,0,0,389,1051,1956,7948
2873212765,2016-04-25,7373,4.94999980926514,4.94999980926514,0.0,0.0,0.0,4.94999980926514,0.0,0,0,359,1081,1907,7373
2873212765,2016-04-26,8242,5.53999996185303,5.53999996185303,0.0,0.119999997317791,0.180000007152557,5.23999977111816,0.0,2,5,309,1124,1882,8242
2873212765,2016-04-28,7913,5.40999984741211,5.40999984741211,0.0,2.16000008583069,0.340000003576279,2.91000008583069,0.0,28,7,213,1192,1835,7913
2873212765,2016-04-29,7365,4.94999980926514,4.94999980926514,0.0,1.36000001430511,1.4099999666214,2.1800000667572,0.0,20,23,206,1191,1780,7365
2873212765,2016-05-01,7399,4.96999979019165,4.96999979019165,0.0,0.490000009536743,1.03999996185303,3.44000005722046,0.0,7,18,196,1219,1739,7399
2873212765,2016-05-04,8278,5.55999994277954,5.55999994277954,0.0,0.0,0.0,5.55999994277954,0.0,0,0,420,1020,2015,8278
2873212765,2016-05-05,8314,5.6100001335144,5.6100001335144,0.0,0.779999971389771,0.800000011920929,4.03000020980835,0.0,13,23,311,1093,1971,8314
2873212765,2016-05-09,7726,5.19000005722046,5.19000005722046,0.0,0.0,0.0,5.19000005722046,0.0,0,0,345,1095,1906,7726
2873212765,2016-05-12,7566,5.1100001335144,5.1100001335144,0.0,0.0,0.0,5.1100001335144,0.0,0,0,268,720,1431,7566
3372868164,2016-04-18,6798,4.6399998664856,4.6399998664856,0.0,1.08000004291534,0.200000002980232,3.34999990463257,0.0,20,7,343,1070,2014,6798
3372868164,2016-04-23,7396,5.07000017166138,5.07000017166138,0.0,1.39999997615814,0.0799999982118607,3.57999992370605,0.0,20,2,303,1115,1995,7396
3372868164,2016-04-25,5995,4.09000015258789,4.09000015258789,0.0,0.0,0.0,4.09000015258789,0.0,0,0,416,1024,2010,5995
3372868164,2016-04-28,5512,3.75999999046326,3.75999999046326,0.0,0.0,0.0,3.75999999046326,0.0,0,0,385,1055,1972,5512
3372868164,2016-05-01,3077,2.09999990463257,2.09999990463257,0.0,0.0,0.0,2.08999991416931,0.0,0,0,172,842,1237,3077
3977333714,2016-04-12,8856,5.98000001907349,5.98000001907349,0.0,3.05999994277954,0.910000026226044,2.00999999046326,0.0,44,19,131,777,1450,8856
3977333714,2016-04-14,7641,5.1100001335144,5.1100001335144,0.0,0.319999992847443,0.970000028610229,3.8199999332428,0.0,5,23,214,801,1433,7641
3977333714,2016-04-21,6093,4.07999992370605,4.07999992370605,0.0,0.0,0.0,4.05999994277954,0.0,0,0,242,712,1397,6093
3977333714,2016-04-22,8911,5.96000003814697,5.96000003814697,0.0,2.32999992370605,0.579999983310699,3.05999994277954,0.0,33,12,188,731,1481,8911
3977333714,2016-04-27,7193,5.03999996185303,5.03999996185303,0.0,0.0,0.419999986886978,4.61999988555908,0.0,0,10,176,714,1377,7193
3977333714,2016-04-28,7114,4.88000011444092,4.88000011444092,0.0,1.37000000476837,0.28999999165535,3.22000002861023,0.0,15,8,190,804,1407,7114
3977333714,2016-04-29,10645,7.75,7.75,0.0,3.74000000953674,1.29999995231628,2.71000003814697,0.0,36,32,150,744,1545,10645
4020332650,2016-04-13,0,0.0,0.0,0.0,0.0,0.0,0.0,0.0,0,0,0,1440,1981,0
4020332650,2016-04-14,108,0.0799999982118607,0.0799999982118607,0.0,0.0,0.0,0.0299999993294477,0.0,0,0,3,1437,2011,108
4020332650,2016-04-15,1882,1.35000002384186,1.35000002384186,0.0,0.209999993443489,0.360000014305115,0.769999980926514,0.0,36,18,87,1299,2951,1882
4020332650,2016-04-17,16,0.0099999997764825,0.0099999997764825,0.0,0.0,0.0,0.0099999997764825,0.0,0,0,2,1438,1990,16
4020332650,2016-04-18,62,0.0399999991059303,0.0399999991059303,0.0,0.0,0.0,0.0399999991059303,0.0,0,0,2,1438,1995,62
4020332650,2016-04-19,0,0.0,0.0,0.0,0.0,0.0,0.0,0.0,0,0,0,1440,1980,0
4020332650,2016-04-20,0,0.0,0.0,0.0,0.0,0.0,0.0,0.0,0,0,0,1440,1980,0
4020332650,2016-04-21,0,0.0,0.0,0.0,0.0,0.0,0.0,0.0,0,0,0,1440,1980,0
4020332650,2016-04-22,0,0.0,0.0,0.0,0.0,0.0,0.0,0.0,0,0,0,1440,1980,0
4020332650,2016-04-23,0,0.0,0.0,0.0,0.0,0.0,0.0,0.0,0,0,0,1440,1980,0
4020332650,2016-04-24,0,0.0,0.0,0.0,0.0,0.0,0.0,0.0,0,0,0,1440,1980,0
4020332650,2016-04-25,0,0.0,0.0,0.0,0.0,0.0,0.0,0.0,0,0,0,1440,1980,0
4020332650,2016-04-26,0,0.0,0.0,0.0,0.0,0.0,0.0,0.0,0,0,0,1440,1980,0
4020332650,2016-04-27,0,0.0,0.0,0.0,0.0,0.0,0.0,0.0,0,0,0,1440,1980,0
4020332650,2016-04-28,0,0.0,0.0,0.0,0.0,0.0,0.0,0.0,0,0,0,1440,1980,0
4020332650,2016-04-29,0,0.0,0.0,0.0,0.0,0.0,0.0,0.0,0,0,0,1440,1980,0
4020332650,2016-04-30,0,0.0,0.0,0.0,0.0,0.0,0.0,0.0,0,0,0,1440,1980,0
4020332650,2016-05-01,0,0.0,0.0,0.0,0.0,0.0,0.0,0.0,0,0,0,1440,1980,0
4020332650,2016-05-02,475,0.340000003576279,0.340000003576279,0.0,0.0,0.0399999991059303,0.28999999165535,0.0,0,11,31,1350,2207,475
4020332650,2016-05-07,6132,4.40000009536743,4.40000009536743,0.0,0.0,0.0,3.57999992370605,0.0,0,0,184,1256,2975,6132
4020332650,2016-05-08,5862,4.19999980926514,4.19999980926514,0.0,0.0,0.0,4.15000009536743,0.0,0,0,263,775,3089,5862
4020332650,2016-05-09,4556,3.26999998092651,3.26999998092651,0.0,0.200000002980232,0.119999997317791,2.94000005722046,0.0,3,5,173,1225,2785,4556
4020332650,2016-05-11,3689,2.65000009536743,2.65000009536743,0.0,0.109999999403954,0.170000001788139,2.32999992370605,0.0,2,8,134,1296,2645,3689
4020332650,2016-05-12,590,0.419999986886978,0.419999986886978,0.0,0.0,0.0,0.409999996423721,0.0,0,0,21,721,1120,590
4057192912,2016-04-12,5394,4.03000020980835,4.03000020980835,0.0,0.0,0.0,3.94000005722046,0.0,0,0,164,1276,2286,5394
4057192912,2016-04-13,5974,4.46999979019165,4.46999979019165,0.0,0.0,0.0,4.36999988555908,0.0,0,0,160,1280,2306,5974
4057192912,2016-04-14,0,0.0,0.0,0.0,0.0,0.0,0.0,0.0,0,0,0,1440,1776,0
4057192912,2016-04-15,3984,2.95000004768372,2.95000004768372,0.0,0.209999993443489,0.259999990463257,2.44000005722046,0.0,3,6,88,873,1527,3984
4319703577,2016-04-12,7753,5.19999980926514,5.19999980926514,0.0,0.0,0.0,0.0,0.0,0,0,0,1440,2115,7753
4319703577,2016-04-13,8204,5.5,5.5,0.0,0.529999971389771,0.589999973773956,1.30999994277954,0.0,8,15,96,1234,2135,8204
4319703577,2016-04-14,10210,6.88000011444092,6.88000011444092,0.0,0.109999999403954,0.330000013113022,6.44000005722046,0.0,1,9,339,589,2302,10210
4319703577,2016-04-15,5664,3.79999995231628,3.79999995231628,0.0,0.0,0.0,3.79999995231628,0.0,0,0,228,752,1985,5664
4319703577,2016-04-16,4744,3.1800000667572,3.1800000667572,0.0,0.0,0.0,3.1800000667572,0.0,0,0,194,724,1884,4744
4319703577,2016-04-17,29,0.0199999995529652,0.0199999995529652,0.0,0.0,0.0,0.0199999995529652,0.0,0,0,3,1363,1464,29
4319703577,2016-04-18,2276,1.54999995231628,1.54999995231628,0.0,0.0700000002980232,0.330000013113022,1.12000000476837,0.0,1,9,58,824,1632,2276
4319703577,2016-04-19,8925,5.98999977111816,5.98999977111816,0.0,0.0,0.0,5.98999977111816,0.0,0,0,311,604,2200,8925
4319703577,2016-04-20,8954,6.01000022888184,6.01000022888184,0.0,0.0,0.680000007152557,5.30999994277954,0.0,0,18,306,671,2220,8954
4319703577,2016-04-21,3702,2.48000001907349,2.48000001907349,0.0,0.0,0.0,0.349999994039536,0.0,0,0,34,1265,1792,3702
4319703577,2016-04-22,4500,3.01999998092651,3.01999998092651,0.0,0.0599999986588955,0.810000002384186,2.15000009536743,0.0,1,19,176,709,1886,4500
4319703577,2016-04-23,4935,3.30999994277954,3.30999994277954,0.0,0.0,0.0,3.30999994277954,0.0,0,0,233,546,1945,4935
4319703577,2016-04-24,4081,2.74000000953674,2.74000000953674,0.0,0.0599999986588955,0.200000002980232,2.47000002861023,0.0,1,5,191,692,1880,4081
4319703577,2016-04-25,9259,6.21000003814697,6.21000003814697,0.0,0.0,0.280000001192093,5.92999982833862,0.0,0,8,390,544,2314,9259
4319703577,2016-04-26,9899,6.6399998664856,6.6399998664856,0.0,0.569999992847443,0.920000016689301,5.15000009536743,0.0,8,21,288,649,2236,9899
4319703577,2016-04-28,10817,7.28000020980835,7.28000020980835,0.0,1.00999999046326,0.330000013113022,5.94000005722046,0.0,13,8,359,552,2367,10817
4319703577,2016-04-29,7990,5.3600001335144,5.3600001335144,0.0,0.449999988079071,0.790000021457672,4.11999988555908,0.0,6,18,289,624,2175,7990
4319703577,2016-05-01,1251,0.839999973773956,0.839999973773956,0.0,0.0,0.0,0.839999973773956,0.0,0,0,67,836,1593,1251
4319703577,2016-05-02,9261,6.23999977111816,6.23999977111816,0.0,0.0,0.439999997615814,5.71000003814697,0.0,0,11,344,585,2270,9261
4319703577,2016-05-03,9648,6.46999979019165,6.46999979019165,0.0,0.579999983310699,1.07000005245209,4.82999992370605,0.0,8,26,287,669,2235,9648
4319703577,2016-05-04,10429,7.01999998092651,7.01999998092651,0.0,0.589999973773956,0.579999983310699,5.84999990463257,0.0,8,13,313,1106,2282,10429
4319703577,2016-05-06,9524,6.42000007629395,6.42000007629395,0.0,0.409999996423721,0.469999998807907,5.46000003814697,0.0,6,11,314,692,2266,9524
4319703577,2016-05-07,7937,5.32999992370605,5.32999992370605,0.0,0.189999997615814,1.04999995231628,4.07999992370605,0.0,3,28,279,586,2158,7937
4319703577,2016-05-08,3672,2.46000003814697,2.46000003814697,0.0,0.0,0.0,2.46000003814697,0.0,0,0,153,603,1792,3672
4319703577,2016-05-09,10378,6.96000003814697,6.96000003814697,0.0,0.140000000596046,0.560000002384186,6.25,0.0,2,14,374,490,2345,10378
4319703577,2016-05-10,9487,6.36999988555908,6.36999988555908,0.0,0.209999993443489,0.46000000834465,5.69999980926514,0.0,3,12,329,555,2260,9487
4319703577,2016-05-11,9129,6.13000011444092,6.13000011444092,0.0,0.200000002980232,0.740000009536743,5.17999982833862,0.0,3,18,311,574,2232,9129
4388161847,2016-04-12,10122,7.78000020980835,7.78000020980835,0.0,0.0,0.0,0.0,0.0,0,0,0,1440,2955,10122
4388161847,2016-04-13,10993,8.44999980926514,8.44999980926514,0.0,0.0599999986588955,0.629999995231628,3.88000011444092,0.0,1,14,150,1275,3092,10993
4388161847,2016-04-15,8758,6.73000001907349,6.73000001907349,0.0,0.0,0.0,6.73000001907349,0.0,0,0,299,837,3066,8758
4388161847,2016-04-16,6580,5.05999994277954,5.05999994277954,0.0,0.209999993443489,0.400000005960464,4.44999980926514,0.0,6,9,253,609,3073,6580
4388161847,2016-04-17,4660,3.57999992370605,3.57999992370605,0.0,0.0,0.0,3.57999992370605,0.0,0,0,201,721,2572,4660
4388161847,2016-04-18,11009,9.10000038146973,9.10000038146973,0.0,3.55999994277954,0.400000005960464,5.1399998664856,0.0,27,8,239,1017,3274,11009
4388161847,2016-04-19,10181,7.82999992370605,7.82999992370605,0.0,1.37000000476837,0.689999997615814,5.76999998092651,0.0,20,16,249,704,3015,10181
4388161847,2016-04-21,10055,7.73000001907349,7.73000001907349,0.0,0.370000004768372,0.389999985694885,6.98000001907349,0.0,7,12,272,853,3069,10055
4388161847,2016-04-24,10243,7.88000011444092,7.88000011444092,0.0,1.08000004291534,0.509999990463257,6.30000019073486,0.0,14,8,239,584,2885,10243
4388161847,2016-04-25,12961,9.97000026702881,9.97000026702881,0.0,0.730000019073486,1.39999997615814,7.84000015258789,0.0,11,31,301,1054,3288,12961
4388161847,2016-04-26,9461,7.28000020980835,7.28000020980835,0.0,0.939999997615814,1.05999994277954,5.26999998092651,0.0,14,23,224,673,2929,9461
4388161847,2016-04-28,10074,7.75,7.75,0.0,1.28999996185303,0.430000007152557,6.03000020980835,0.0,19,9,234,878,2969,10074
4388161847,2016-04-29,9232,7.09999990463257,7.09999990463257,0.0,0.800000011920929,0.889999985694885,5.42000007629395,0.0,13,16,236,1175,2979,9232
4388161847,2016-05-01,10255,7.8899998664856,7.8899998664856,0.0,1.00999999046326,0.680000007152557,6.19999980926514,0.0,12,15,241,579,2926,10255
4388161847,2016-05-02,10096,8.39999961853027,8.39999961853027,0.0,3.76999998092651,0.0799999982118607,4.55000019073486,0.0,33,4,204,935,3147,10096
4388161847,2016-05-03,12727,9.78999996185303,9.78999996185303,0.0,1.12999999523163,0.779999971389771,7.88000011444092,0.0,18,18,306,984,3290,12727
4388161847,2016-05-04,12375,9.52000045776367,9.52000045776367,0.0,2.78999996185303,0.930000007152557,5.80000019073486,0.0,35,21,251,632,3162,12375
4388161847,2016-05-09,10218,7.8600001335144,7.8600001335144,0.0,0.340000003576279,0.730000019073486,6.78999996185303,0.0,6,19,258,1020,3013,10218
4388161847,2016-05-10,10299,7.92000007629395,7.92000007629395,0.0,0.810000002384186,0.649999976158142,6.46000003814697,0.0,13,14,267,648,3061,10299
4388161847,2016-05-11,10201,7.84000015258789,7.84000015258789,0.0,0.529999971389771,0.790000021457672,6.53000020980835,0.0,8,18,256,858,2954,10201
4388161847,2016-05-12,3369,2.58999991416931,2.58999991416931,0.0,0.0,0.0,2.58999991416931,0.0,0,0,108,825,1623,3369
4445114986,2016-04-12,3276,2.20000004768372,2.20000004768372,0.0,0.0,0.0,2.20000004768372,0.0,0,0,196,787,2113,3276
4445114986,2016-04-13,2961,1.99000000953674,1.99000000953674,0.0,0.0,0.0,1.99000000953674,0.0,0,0,194,840,2095,2961
4445114986,2016-04-14,3974,2.67000007629395,2.67000007629395,0.0,0.0,0.0,2.67000007629395,0.0,0,0,231,717,2194,3974
4445114986,2016-04-15,7198,4.82999992370605,4.82999992370605,0.0,0.0,0.0,4.82999992370605,0.0,0,0,350,711,2496,7198
4445114986,2016-04-16,3945,2.65000009536743,2.65000009536743,0.0,0.0,0.0,2.65000009536743,0.0,0,0,225,716,2180,3945
4445114986,2016-04-17,2268,1.51999998092651,1.51999998092651,0.0,0.0,0.0,1.51999998092651,0.0,0,0,114,1219,1933,2268
4445114986,2016-04-18,6155,4.23999977111816,4.23999977111816,0.0,2.0,0.28999999165535,1.95000004768372,0.0,25,6,162,1247,2248,6155
4445114986,2016-04-19,2064,1.38999998569489,1.38999998569489,0.0,0.0,0.0,1.38999998569489,0.0,0,0,121,895,1954,2064
4445114986,2016-04-20,2072,1.38999998569489,1.38999998569489,0.0,0.0,0.0,1.38999998569489,0.0,0,0,137,841,1974,2072
4445114986,2016-04-21,3809,2.55999994277954,2.55999994277954,0.0,0.0,0.0,2.53999996185303,0.0,0,0,215,756,2150,3809
4445114986,2016-04-22,6831,4.57999992370605,4.57999992370605,0.0,0.0,0.0,4.57999992370605,0.0,0,0,317,706,2432,6831
4445114986,2016-04-23,4363,2.9300000667572,2.9300000667572,0.0,0.0,0.0,2.9300000667572,0.0,0,0,201,1239,2149,4363
4445114986,2016-04-24,5002,3.35999989509583,3.35999989509583,0.0,0.0,0.0,3.35999989509583,0.0,0,0,244,1196,2247,5002
4445114986,2016-04-25,3385,2.26999998092651,2.26999998092651,0.0,0.0,0.0,2.26999998092651,0.0,0,0,179,916,2070,3385
4445114986,2016-04-26,6326,4.40999984741211,4.40999984741211,0.0,2.41000008583069,0.0399999991059303,1.96000003814697,0.0,29,1,180,839,2291,6326
4445114986,2016-04-27,7243,5.03000020980835,5.03000020980835,0.0,2.61999988555908,0.0299999993294477,2.38000011444092,0.0,32,1,194,839,2361,7243
4445114986,2016-04-28,4493,3.00999999046326,3.00999999046326,0.0,0.0,0.0,3.00999999046326,0.0,0,0,236,762,2203,4493
4445114986,2016-04-29,4676,3.14000010490417,3.14000010490417,0.0,0.0,0.0,3.13000011444092,0.0,0,0,226,1106,2196,4676
4445114986,2016-04-30,6222,4.17999982833862,4.17999982833862,0.0,0.0,0.0,4.17999982833862,0.0,0,0,290,797,2363,6222
4445114986,2016-05-01,5232,3.50999999046326,3.50999999046326,0.0,0.0,0.0,3.50999999046326,0.0,0,0,240,741,2246,5232
4445114986,2016-05-02,6910,4.75,4.75,0.0,2.21000003814697,0.189999997615814,2.34999990463257,0.0,27,4,200,667,2336,6910
4445114986,2016-05-03,7502,5.17999982833862,5.17999982833862,0.0,2.48000001907349,0.109999999403954,2.57999992370605,0.0,30,2,233,725,2421,7502
4445114986,2016-05-04,2923,1.96000003814697,1.96000003814697,0.0,0.0,0.0,1.96000003814697,0.0,0,0,180,897,2070,2923
4445114986,2016-05-05,3800,2.54999995231628,2.54999995231628,0.0,0.119999997317791,0.239999994635582,2.1800000667572,0.0,2,6,185,734,2120,3800
4445114986,2016-05-06,4514,3.02999997138977,3.02999997138977,0.0,0.0,0.0,3.02999997138977,0.0,0,0,229,809,2211,4514
4445114986,2016-05-07,5183,3.58999991416931,3.58999991416931,0.0,2.13000011444092,0.189999997615814,1.25,0.0,26,4,108,866,2123,5183
4445114986,2016-05-08,7303,4.90000009536743,4.90000009536743,0.0,0.0,0.25,4.65000009536743,0.0,0,8,308,733,2423,7303
4445114986,2016-05-09,5275,3.53999996185303,3.53999996185303,0.0,0.0,0.0,3.53999996185303,0.0,0,0,266,641,2281,5275
4445114986,2016-05-10,3915,2.63000011444092,2.63000011444092,0.0,0.0,0.0,2.63000011444092,0.0,0,0,231,783,2181,3915
4445114986,2016-05-11,9105,6.1100001335144,6.1100001335144,0.0,2.25,1.0,2.85999989509583,0.0,34,22,232,622,2499,9105
4445114986,2016-05-12,768,0.519999980926514,0.519999980926514,0.0,0.0,0.0,0.519999980926514,0.0,0,0,58,380,1212,768
4558609924,2016-04-12,5135,3.39000010490417,3.39000010490417,0.0,0.0,0.0,3.39000010490417,0.0,0,0,318,1122,1909,5135
4558609924,2016-04-13,4978,3.28999996185303,3.28999996185303,0.0,1.24000000953674,0.439999997615814,1.61000001430511,0.0,19,7,127,1287,1722,4978
4558609924,2016-04-14,6799,4.48999977111816,4.48999977111816,0.0,0.0,0.0,4.48999977111816,0.0,0,0,279,1161,1922,6799
4558609924,2016-04-15,7795,5.15000009536743,5.15000009536743,0.0,0.589999973773956,0.839999973773956,3.73000001907349,0.0,17,30,262,1131,2121,7795
4558609924,2016-04-16,7289,4.82000017166138,4.82000017166138,0.0,0.550000011920929,0.75,3.5,0.0,8,12,308,1112,1997,7289
4558609924,2016-04-17,9634,6.40000009536743,6.40000009536743,0.0,0.550000011920929,1.13999998569489,4.71000003814697,0.0,7,19,304,1110,2117,9634
4558609924,2016-04-18,8940,5.90999984741211,5.90999984741211,0.0,0.980000019073486,0.930000007152557,4.0,0.0,14,15,331,1080,2116,8940
4558609924,2016-04-19,5401,3.5699999332428,3.5699999332428,0.0,0.0500000007450581,0.360000014305115,3.16000008583069,0.0,1,9,248,1182,1876,5401
4558609924,2016-04-20,4803,3.17000007629395,3.17000007629395,0.0,0.0,0.0,3.17000007629395,0.0,0,0,222,1218,1788,4803
4558609924,2016-04-21,13743,9.07999992370605,9.07999992370605,0.0,0.419999986886978,0.970000028610229,7.69999980926514,0.0,6,21,432,844,2486,13743
4558609924,2016-04-22,9601,6.34999990463257,6.34999990463257,0.0,1.37000000476837,1.5,3.47000002861023,0.0,20,25,273,1122,2094,9601
4558609924,2016-04-23,6890,4.55000019073486,4.55000019073486,0.0,0.340000003576279,0.200000002980232,4.01000022888184,0.0,5,5,308,1122,2085,6890
4558609924,2016-04-24,8563,5.65999984741211,5.65999984741211,0.0,0.0,0.0,5.65000009536743,0.0,0,0,395,1045,2173,8563
4558609924,2016-04-25,8095,5.34999990463257,5.34999990463257,0.0,0.589999973773956,0.25,4.51000022888184,0.0,18,10,340,993,2225,8095
4558609924,2016-04-27,9557,6.32000017166138,6.32000017166138,0.0,1.96000003814697,0.889999985694885,3.46000003814697,0.0,27,14,312,1087,2098,9557
4558609924,2016-04-28,9451,6.25,6.25,0.0,0.0199999995529652,0.270000010728836,5.94999980926514,0.0,1,11,367,985,2185,9451
4558609924,2016-04-29,7833,5.17999982833862,5.17999982833862,0.0,1.01999998092651,1.85000002384186,2.30999994277954,0.0,15,29,197,1096,1918,7833
4558609924,2016-04-30,10319,6.82000017166138,6.82000017166138,0.0,0.469999998807907,1.88999998569489,4.46000003814697,0.0,7,29,293,1111,2105,10319
4558609924,2016-05-01,3428,2.26999998092651,2.26999998092651,0.0,0.0,0.0,2.26999998092651,0.0,0,0,190,1121,1692,3428
4558609924,2016-05-02,7891,5.21999979019165,5.21999979019165,0.0,0.0,0.0,5.21999979019165,0.0,0,0,383,1057,2066,7891
4558609924,2016-05-03,5267,3.48000001907349,3.48000001907349,0.0,0.600000023841858,0.280000001192093,2.59999990463257,0.0,21,10,237,1172,1953,5267
4558609924,2016-05-04,5232,3.46000003814697,3.46000003814697,0.0,0.0,0.0,3.46000003814697,0.0,0,0,252,1188,1842,5232
4558609924,2016-05-05,10611,7.01000022888184,7.01000022888184,0.0,1.00999999046326,0.5,5.51000022888184,0.0,14,8,370,1048,2262,10611
4558609924,2016-05-06,3755,2.48000001907349,2.48000001907349,0.0,0.0,0.0,2.48000001907349,0.0,0,0,202,1238,1722,3755
4558609924,2016-05-07,8237,5.44000005722046,5.44000005722046,0.0,1.61000001430511,1.0,2.82999992370605,0.0,23,16,233,1116,1973,8237
4558609924,2016-05-09,11451,7.57000017166138,7.57000017166138,0.0,0.430000007152557,1.62000000476837,5.51999998092651,0.0,6,30,339,1065,2223,11451
4558609924,2016-05-10,6435,4.25,4.25,0.0,0.740000009536743,1.12000000476837,2.39000010490417,0.0,11,18,220,1191,1889,6435
4558609924,2016-05-11,9108,6.01999998092651,6.01999998092651,0.0,0.259999990463257,1.82000005245209,3.94000005722046,0.0,4,31,324,1081,2131,9108
4558609924,2016-05-12,6307,4.17000007629395,4.17000007629395,0.0,0.0,0.0,4.17000007629395,0.0,0,0,247,736,1452,6307
4702921684,2016-04-12,7213,5.88000011444092,5.88000011444092,0.0,0.0,0.0,5.84999990463257,0.0,0,0,263,718,2947,7213
4702921684,2016-04-13,6877,5.57999992370605,5.57999992370605,0.0,0.0,0.0,5.57999992370605,0.0,0,0,258,777,2898,6877
4702921684,2016-04-14,7860,6.36999988555908,6.36999988555908,0.0,0.0,0.0,6.36999988555908,0.0,0,0,271,772,2984,7860
4702921684,2016-04-15,6506,5.28000020980835,5.28000020980835,0.0,0.0700000002980232,0.419999986886978,4.78999996185303,0.0,1,8,256,944,2896,6506
4702921684,2016-04-16,11140,9.02999973297119,9.02999973297119,0.0,0.239999994635582,1.25,7.53999996185303,0.0,3,24,335,556,3328,11140
4702921684,2016-04-18,9105,7.38000011444092,7.38000011444092,0.0,1.82000005245209,1.49000000953674,4.07000017166138,0.0,22,30,191,890,3013,9105
4702921684,2016-04-19,6708,5.44000005722046,5.44000005722046,0.0,0.879999995231628,0.370000004768372,4.19000005722046,0.0,10,8,179,757,2812,6708
4702921684,2016-04-20,8793,7.13000011444092,7.13000011444092,0.0,0.159999996423721,1.23000001907349,5.73000001907349,0.0,2,29,260,717,3061,8793
4702921684,2016-04-22,1664,1.35000002384186,1.35000002384186,0.0,0.0,0.0,1.35000002384186,0.0,0,0,72,1341,2241,1664
4702921684,2016-04-25,9167,7.42999982833862,7.42999982833862,0.0,0.490000009536743,0.819999992847443,6.1100001335144,0.0,6,15,270,730,3064,9167
4702921684,2016-04-26,6108,4.94999980926514,4.94999980926514,0.0,0.0700000002980232,0.349999994039536,4.53999996185303,0.0,1,8,216,765,2784,6108
4702921684,2016-04-27,7047,5.71999979019165,5.71999979019165,0.0,0.0900000035762787,0.800000011920929,4.78000020980835,0.0,1,16,238,733,2908,7047
4702921684,2016-04-28,9023,7.32000017166138,7.32000017166138,0.0,1.12999999523163,0.419999986886978,5.76999998092651,0.0,14,9,232,738,3033,9023
4702921684,2016-04-29,9930,8.05000019073486,8.05000019073486,0.0,1.05999994277954,0.920000016689301,6.07000017166138,0.0,12,19,267,692,3165,9930
4702921684,2016-05-01,0,0.0,0.0,0.0,0.0,0.0,0.0,0.0,0,0,0,1440,2017,0
4702921684,2016-05-03,9454,7.67000007629395,7.67000007629395,0.0,0.0,0.0,7.67000007629395,0.0,0,0,313,729,3145,9454
4702921684,2016-05-04,8161,6.61999988555908,6.61999988555908,0.0,0.340000003576279,0.730000019073486,5.53999996185303,0.0,4,15,251,757,3004,8161
4702921684,2016-05-05,8614,6.98999977111816,6.98999977111816,0.0,0.670000016689301,0.219999998807907,6.09000015258789,0.0,8,5,241,745,3006,8614
4702921684,2016-05-06,6943,5.63000011444092,5.63000011444092,0.0,0.0799999982118607,0.660000026226044,4.86999988555908,0.0,1,16,207,682,2859,6943
4702921684,2016-05-09,8232,6.67999982833862,6.67999982833862,0.0,0.0,0.569999992847443,6.09999990463257,0.0,0,12,253,746,2990,8232
4702921684,2016-05-12,2752,2.23000001907349,2.23000001907349,0.0,0.0,0.0,2.23000001907349,0.0,0,0,68,241,1240,2752
5553957443,2016-04-12,11596,7.57000017166138,7.57000017166138,0.0,1.37000000476837,0.790000021457672,5.40999984741211,0.0,19,13,277,767,2026,11596
5553957443,2016-04-13,4832,3.16000008583069,3.16000008583069,0.0,0.0,0.0,3.16000008583069,0.0,0,0,226,647,1718,4832
5553957443,2016-04-16,5771,3.76999998092651,3.76999998092651,0.0,0.0,0.0,3.76999998092651,0.0,0,0,288,521,1831,5771
5553957443,2016-04-17,655,0.430000007152557,0.430000007152557,0.0,0.0,0.0,0.430000007152557,0.0,0,0,46,943,1397,655
5553957443,2016-04-18,3727,2.4300000667572,2.4300000667572,0.0,0.0,0.0,2.4300000667572,0.0,0,0,206,622,1683,3727
5553957443,2016-04-20,2713,1.76999998092651,1.76999998092651,0.0,0.0,0.0,1.76999998092651,0.0,0,0,148,598,1570,2713
5553957443,2016-04-22,11682,7.63000011444092,7.63000011444092,0.0,1.37999999523163,0.629999995231628,5.59999990463257,0.0,25,16,270,781,2105,11682
5553957443,2016-04-23,4112,2.69000005722046,2.69000005722046,0.0,0.0,0.0,2.6800000667572,0.0,0,0,272,443,1776,4112
5553957443,2016-04-24,1807,1.17999994754791,1.17999994754791,0.0,0.0,0.0,1.17999994754791,0.0,0,0,104,582,1507,1807
5553957443,2016-04-26,11886,7.76000022888184,7.76000022888184,0.0,2.36999988555908,0.930000007152557,4.46000003814697,0.0,40,18,238,750,2093,11886
5553957443,2016-04-27,10538,6.88000011444092,6.88000011444092,0.0,1.13999998569489,1.0,4.73999977111816,0.0,16,16,206,745,1922,10538
5553957443,2016-04-30,1202,0.779999971389771,0.779999971389771,0.0,0.0,0.0,0.779999971389771,0.0,0,0,84,506,1463,1202
5553957443,2016-05-01,5164,3.36999988555908,3.36999988555908,0.0,0.0,0.0,3.36999988555908,0.0,0,0,237,436,1747,5164
5553957443,2016-05-02,9769,6.38000011444092,6.38000011444092,0.0,1.05999994277954,0.409999996423721,4.90000009536743,0.0,23,9,227,724,1996,9769
5553957443,2016-05-03,12848,8.39000034332275,8.39000034332275,0.0,1.5,1.20000004768372,5.67999982833862,0.0,26,29,247,812,2116,12848
5553957443,2016-05-04,4249,2.76999998092651,2.76999998092651,0.0,0.0,0.0,2.76999998092651,0.0,0,0,224,651,1698,4249
5553957443,2016-05-05,14331,9.51000022888184,9.51000022888184,0.0,3.4300000667572,1.6599999666214,4.42999982833862,0.0,44,29,241,692,2156,14331
5553957443,2016-05-06,9632,6.28999996185303,6.28999996185303,0.0,1.51999998092651,0.540000021457672,4.23000001907349,0.0,21,9,229,761,1916,9632
5553957443,2016-05-07,1868,1.22000002861023,1.22000002861023,0.0,0.0,0.0,1.22000002861023,0.0,0,0,96,902,1494,1868
5553957443,2016-05-08,6083,4.0,4.0,0.0,0.219999998807907,0.469999998807907,3.29999995231628,0.0,3,8,210,505,1762,6083
5553957443,2016-05-11,4926,3.22000002861023,3.22000002861023,0.0,0.0,0.0,3.22000002861023,0.0,0,0,195,628,1693,4926
5553957443,2016-05-12,3121,2.03999996185303,2.03999996185303,0.0,0.579999983310699,0.400000005960464,1.05999994277954,0.0,8,6,48,222,741,3121
5577150313,2016-04-13,5077,3.78999996185303,3.78999996185303,0.0,0.319999992847443,0.219999998807907,3.25,0.0,15,11,144,776,2551,5077
5577150313,2016-04-23,7638,5.71000003814697,5.71000003814697,0.0,1.21000003814697,0.360000014305115,4.1399998664856,0.0,24,24,223,627,3152,7638
5577150313,2016-04-26,5325,3.98000001907349,3.98000001907349,0.0,0.850000023841858,0.649999976158142,2.47000002861023,0.0,38,32,181,759,3088,5325
5577150313,2016-05-02,7439,5.55999994277954,5.55999994277954,0.0,1.12000000476837,0.349999994039536,4.07000017166138,0.0,37,20,235,732,3014,7439
5577150313,2016-05-04,5206,3.89000010490417,3.89000010490417,0.0,1.55999994277954,0.25,2.07999992370605,0.0,25,9,141,631,2755,5206
5577150313,2016-05-05,7550,5.6399998664856,5.6399998664856,0.0,2.5,0.469999998807907,2.67000007629395,0.0,45,21,143,1153,3004,7550
5577150313,2016-05-06,4950,3.70000004768372,3.70000004768372,0.0,1.92999994754791,0.319999992847443,1.45000004768372,0.0,41,16,79,1304,2643,4950
5577150313,2016-05-07,0,0.0,0.0,0.0,0.0,0.0,0.0,0.0,0,0,0,1440,1819,0
5577150313,2016-05-08,0,0.0,0.0,0.0,0.0,0.0,0.0,0.0,0,0,0,1440,1819,0
5577150313,2016-05-09,3421,2.55999994277954,2.55999994277954,0.0,1.42999994754791,0.140000000596046,0.990000009536743,0.0,34,11,70,1099,2489,3421
5577150313,2016-05-11,4038,3.03999996185303,3.03999996185303,0.0,1.83000004291534,0.300000011920929,0.889999985694885,0.0,45,15,63,257,1665,4038
6117666160,2016-04-12,0,0.0,0.0,0.0,0.0,0.0,0.0,0.0,0,0,0,1440,1496,0
6117666160,2016-04-13,0,0.0,0.0,0.0,0.0,0.0,0.0,0.0,0,0,0,1440,1496,0
6117666160,2016-04-14,0,0.0,0.0,0.0,0.0,0.0,0.0,0.0,0,0,0,1440,1496,0
6117666160,2016-04-17,7150,5.40000009536743,5.40000009536743,0.0,0.0,0.0,5.40000009536743,0.0,0,0,312,702,2225,7150
6117666160,2016-04-18,5153,3.91000008583069,3.91000008583069,0.0,0.0,0.0,3.89000010490417,0.0,0,0,241,759,2018,5153
6117666160,2016-04-19,11135,8.40999984741211,8.40999984741211,0.0,0.0,0.0,8.40999984741211,0.0,0,0,480,425,2606,11135
6117666160,2016-04-20,10449,8.02000045776367,8.02000045776367,0.0,2.02999997138977,0.479999989271164,5.51999998092651,0.0,26,10,349,587,2536,10449
6117666160,2016-04-22,8206,6.19999980926514,6.19999980926514,0.0,0.0,0.0,6.19999980926514,0.0,0,0,402,413,2409,8206
6117666160,2016-04-23,11495,8.68000030517578,8.68000030517578,0.0,0.0,0.0,8.68000030517578,0.0,0,0,512,468,2651,11495
6117666160,2016-04-24,7623,5.76000022888184,5.76000022888184,0.0,0.0,0.0,5.76000022888184,0.0,0,0,362,711,2305,7623
6117666160,2016-04-25,0,0.0,0.0,0.0,0.0,0.0,0.0,0.0,0,0,0,1440,1497,0
6117666160,2016-04-26,9543,7.21000003814697,7.21000003814697,0.0,0.0,0.340000003576279,6.86999988555908,0.0,0,7,352,1077,2450,9543
6117666160,2016-04-27,9411,7.1100001335144,7.1100001335144,0.0,0.0,0.0,7.1100001335144,0.0,0,0,458,417,2576,9411
6117666160,2016-04-28,3403,2.59999990463257,2.59999990463257,0.0,0.0,0.0,2.59999990463257,0.0,0,0,141,758,1879,3403
6117666160,2016-04-29,9592,7.23999977111816,7.23999977111816,0.0,0.0,0.0,7.23999977111816,0.0,0,0,461,479,2560,9592
6117666160,2016-04-30,6987,5.28000020980835,5.28000020980835,0.0,0.0,0.0,5.28000020980835,0.0,0,0,343,1040,2275,6987
6117666160,2016-05-01,8915,6.73000001907349,6.73000001907349,0.0,0.0,0.0,6.73000001907349,0.0,0,0,397,525,2361,8915
6117666160,2016-05-02,4933,3.73000001907349,3.73000001907349,0.0,0.0,0.0,3.73000001907349,0.0,0,0,236,1204,2044,4933
6117666160,2016-05-03,0,0.0,0.0,0.0,0.0,0.0,0.0,0.0,0,0,0,1440,1496,0
6117666160,2016-05-04,2997,2.25999999046326,2.25999999046326,0.0,0.0,0.0,2.25999999046326,0.0,0,0,156,1279,1902,2997
6117666160,2016-05-05,9799,7.40000009536743,7.40000009536743,0.0,0.0,0.0,7.40000009536743,0.0,0,0,487,479,2636,9799
6117666160,2016-05-06,3365,2.6800000667572,2.6800000667572,0.0,0.0,0.0,2.6800000667572,0.0,0,0,133,673,1838,3365
6117666160,2016-05-07,7336,5.53999996185303,5.53999996185303,0.0,0.0,0.0,5.53999996185303,0.0,0,0,412,456,2469,7336
6117666160,2016-05-08,7328,5.53000020980835,5.53000020980835,0.0,0.0,0.0,5.53000020980835,0.0,0,0,318,517,2250,7328
6117666160,2016-05-09,4477,3.38000011444092,3.38000011444092,0.0,0.0,0.0,3.38000011444092,0.0,0,0,197,125,1248,4477
6290855005,2016-04-12,4562,3.45000004768372,3.45000004768372,0.0,0.0,0.0,3.45000004768372,0.0,0,0,199,1241,2560,4562
6290855005,2016-04-17,7851,5.94000005722046,5.94000005722046,0.0,1.13999998569489,0.790000021457672,4.0,0.0,31,12,225,1172,3171,7851
6290855005,2016-04-21,0,0.0,0.0,0.0,0.0,0.0,0.0,0.0,0,0,0,1440,2060,0
6290855005,2016-04-22,6238,4.71999979019165,4.71999979019165,0.0,0.0,0.0,4.71999979019165,0.0,0,0,302,1138,2796,6238
6290855005,2016-04-23,0,0.0,0.0,0.0,0.0,0.0,0.0,0.0,33,0,0,1407,2664,0
6290855005,2016-04-24,5896,4.46000003814697,4.46000003814697,0.0,0.0,0.0,4.46000003814697,0.0,0,0,258,1182,2703,5896
6290855005,2016-04-26,0,0.0,0.0,0.0,0.0,0.0,0.0,0.0,0,0,0,1440,2060,0
6290855005,2016-04-28,5731,4.32999992370605,4.32999992370605,0.0,0.0,0.0,4.32999992370605,0.0,0,0,255,1185,2687,5731
6290855005,2016-04-29,0,0.0,0.0,0.0,0.0,0.0,0.0,0.0,0,0,0,1440,2060,0
6290855005,2016-05-03,6047,4.57000017166138,4.57000017166138,0.0,0.0,0.0,4.57000017166138,0.0,0,0,240,1200,2671,6047
6290855005,2016-05-05,6339,4.78999996185303,4.78999996185303,0.0,0.0,0.0,4.78999996185303,0.0,0,0,239,1201,2682,6339
6290855005,2016-05-07,5510,4.17000007629395,4.17000007629395,0.0,0.0,0.0,4.15999984741211,0.0,0,0,227,1213,2613,5510
6290855005,2016-05-08,7706,5.82999992370605,5.82999992370605,0.0,0.0,0.0,5.82000017166138,0.0,0,0,251,1189,2712,7706
6775888955,2016-04-12,0,0.0,0.0,0.0,0.0,0.0,0.0,0.0,0,0,0,1440,1841,0
6775888955,2016-04-13,4053,2.91000008583069,2.91000008583069,0.0,1.11000001430511,0.579999983310699,1.22000002861023,0.0,17,18,85,1053,2400,4053
6775888955,2016-04-14,5162,3.70000004768372,3.70000004768372,0.0,0.870000004768372,0.860000014305115,1.97000002861023,0.0,14,24,105,863,2507,5162
6775888955,2016-04-15,1282,0.920000016689301,0.920000016689301,0.0,0.0,0.0,0.920000016689301,0.0,0,0,58,976,2127,1282
6775888955,2016-04-16,4732,3.39000010490417,3.39000010490417,0.0,2.51999998092651,0.810000002384186,0.0599999986588955,0.0,36,18,9,1377,2225,4732
6775888955,2016-04-17,2497,1.78999996185303,1.78999996185303,0.0,0.349999994039536,1.12999999523163,0.310000002384186,0.0,5,24,19,1392,2067,2497
6775888955,2016-04-18,8294,5.94999980926514,5.94999980926514,0.0,2.0,0.769999980926514,3.17000007629395,0.0,30,31,146,1233,2798,8294
6775888955,2016-04-19,0,0.0,0.0,0.0,0.0,0.0,0.0,0.0,0,0,0,1440,1841,0
6775888955,2016-04-21,0,0.0,0.0,0.0,0.0,0.0,0.0,0.0,0,0,0,1440,1841,0
6775888955,2016-04-22,637,0.46000000834465,0.46000000834465,0.0,0.0,0.0,0.46000000834465,0.0,0,0,20,1420,1922,637
6775888955,2016-04-23,0,0.0,0.0,0.0,0.0,0.0,0.0,0.0,0,0,0,1440,1841,0
6775888955,2016-04-24,2153,1.53999996185303,1.53999996185303,0.0,0.769999980926514,0.620000004768372,0.150000005960464,0.0,11,18,11,1400,2053,2153
6775888955,2016-04-25,6474,4.6399998664856,4.6399998664856,0.0,2.26999998092651,0.46000000834465,1.89999997615814,0.0,33,13,92,1302,2484,6474
6775888955,2016-04-27,0,0.0,0.0,0.0,0.0,0.0,0.0,0.0,0,0,0,1440,1841,0
6775888955,2016-04-28,703,0.5,0.5,0.0,0.0599999986588955,0.200000002980232,0.239999994635582,0.0,2,13,15,1410,1993,703
6775888955,2016-04-29,0,0.0,0.0,0.0,0.0,0.0,0.0,0.0,0,0,0,1440,1841,0
6775888955,2016-04-30,2503,1.78999996185303,1.78999996185303,0.0,0.159999996423721,0.159999996423721,1.48000001907349,0.0,3,9,84,1344,2280,2503
6775888955,2016-05-02,0,0.0,0.0,0.0,0.0,0.0,0.0,0.0,0,0,0,1440,1841,0
6775888955,2016-05-03,9,0.0099999997764825,0.0099999997764825,0.0,0.0,0.0,0.0099999997764825,0.0,0,0,1,1439,1843,9
6775888955,2016-05-04,0,0.0,0.0,0.0,0.0,0.0,0.0,0.0,0,0,0,1440,1841,0
6775888955,2016-05-05,0,0.0,0.0,0.0,0.0,0.0,0.0,0.0,0,0,0,1440,1841,0
6775888955,2016-05-07,1967,1.4099999666214,1.4099999666214,0.0,0.129999995231628,0.239999994635582,1.04999995231628,0.0,2,5,49,551,1032,1967
6962181067,2016-04-13,5652,3.74000000953674,3.74000000953674,0.0,0.569999992847443,1.21000003814697,1.96000003814697,0.0,8,24,142,548,1718,5652
6962181067,2016-04-14,1551,1.02999997138977,1.02999997138977,0.0,0.0,0.0,1.02999997138977,0.0,0,0,86,862,1466,1551
6962181067,2016-04-15,5563,3.6800000667572,3.6800000667572,0.0,0.0,0.0,3.6800000667572,0.0,0,0,217,837,1756,5563
6962181067,2016-04-17,10145,6.71000003814697,6.71000003814697,0.0,0.330000013113022,0.680000007152557,5.69000005722046,0.0,5,13,295,634,2027,10145
6962181067,2016-04-24,5029,3.3199999332428,3.3199999332428,0.0,0.0,0.0,3.3199999332428,0.0,0,0,199,720,1705,5029
6962181067,2016-04-26,10433,6.90000009536743,6.90000009536743,0.0,2.57999992370605,0.419999986886978,3.90000009536743,0.0,36,7,254,680,2012,10433
6962181067,2016-04-28,12627,8.35000038146973,8.35000038146973,0.0,2.50999999046326,0.239999994635582,5.59000015258789,0.0,38,8,288,621,2182,12627
6962181067,2016-04-29,10762,7.1100001335144,7.1100001335144,0.0,0.819999992847443,0.479999989271164,5.80999994277954,0.0,12,15,369,645,2254,10762
6962181067,2016-04-30,10081,6.65999984741211,6.65999984741211,0.0,2.24000000953674,0.759999990463257,3.67000007629395,0.0,32,16,237,731,2002,10081
6962181067,2016-05-01,5454,3.60999989509583,3.60999989509583,0.0,0.0,0.0,3.60999989509583,0.0,0,0,215,722,1740,5454
6962181067,2016-05-05,10524,6.96000003814697,6.96000003814697,0.0,0.990000009536743,1.1599999666214,4.80999994277954,0.0,14,22,305,591,2066,10524
6962181067,2016-05-06,5908,3.91000008583069,3.91000008583069,0.0,0.0,0.0,3.91000008583069,0.0,0,0,299,717,1850,5908
6962181067,2016-05-07,6815,4.5,4.5,0.0,0.0,0.0,4.5,0.0,0,0,328,745,1947,6815
6962181067,2016-05-08,4188,2.76999998092651,2.76999998092651,0.0,0.0,0.519999980926514,2.25,0.0,0,14,151,709,1659,4188
6962181067,2016-05-11,6722,4.44000005722046,4.44000005722046,0.0,1.49000000953674,0.310000002384186,2.65000009536743,0.0,24,7,199,709,1855,6722
6962181067,2016-05-12,3587,2.36999988555908,2.36999988555908,0.0,0.0,0.25,2.10999989509583,0.0,0,8,105,127,928,3587
7007744171,2016-04-15,5273,3.52999997138977,3.52999997138977,0.0,0.0,0.0,3.52999997138977,0.0,0,0,202,1238,2098,5273
7007744171,2016-04-16,4631,3.09999990463257,3.09999990463257,0.0,0.0,0.0,3.09999990463257,0.0,0,0,203,1155,2076,4631
7007744171,2016-04-17,8059,5.3899998664856,5.3899998664856,0.0,0.0,0.0,5.3899998664856,0.0,0,0,305,1135,2383,8059
7007744171,2016-04-23,8093,5.40999984741211,5.40999984741211,0.0,0.129999995231628,1.12999999523163,4.15000009536743,0.0,2,25,223,1190,2284,8093
7007744171,2016-04-24,11085,7.42000007629395,7.42000007629395,0.0,0.0,0.0,7.42000007629395,0.0,0,0,419,1021,2667,11085
7007744171,2016-04-26,15090,10.1000003814697,10.1000003814697,0.0,0.930000007152557,0.939999997615814,8.22999954223633,0.0,16,22,424,978,2939,15090
7007744171,2016-04-28,15128,10.1199998855591,10.1199998855591,0.0,1.0900000333786,0.769999980926514,8.26000022888184,0.0,16,16,401,1007,2836,15128
7007744171,2016-04-30,3761,2.51999998092651,2.51999998092651,0.0,0.0,0.0,2.51999998092651,0.0,0,0,200,1240,2051,3761
7007744171,2016-05-01,5600,3.75,3.75,0.0,0.0,0.0,3.75,0.0,0,0,237,1142,2225,5600
7007744171,2016-05-04,0,0.0,0.0,0.0,0.0,0.0,0.0,0.0,0,0,0,1440,1557,0
7007744171,2016-05-06,11459,7.67000007629395,7.67000007629395,0.0,3.0,0.810000002384186,3.85999989509583,0.0,44,13,247,1136,2553,11459
7086361926,2016-04-13,5813,3.61999988555908,3.61999988555908,0.0,0.560000002384186,0.209999993443489,2.83999991416931,0.0,31,26,155,744,2516,5813
7086361926,2016-04-14,9123,6.11999988555908,6.11999988555908,0.0,2.02999997138977,0.330000013113022,3.66000008583069,0.0,35,32,189,787,2734,9123
7086361926,2016-04-15,8585,5.67000007629395,5.67000007629395,0.0,2.03999996185303,1.11000001430511,2.52999997138977,0.0,30,21,139,864,2395,8585
7086361926,2016-04-16,31,0.0099999997764825,0.0099999997764825,0.0,0.0,0.0,0.0099999997764825,0.0,0,0,3,1437,1635,31
7086361926,2016-04-17,0,0.0,0.0,0.0,0.0,0.0,0.0,0.0,0,0,0,1440,1629,0
7086361926,2016-04-21,9469,6.17999982833862,6.17999982833862,0.0,1.36000001430511,0.300000011920929,4.51000022888184,0.0,19,6,206,758,2463,9469
7086361926,2016-04-23,2817,1.80999994277954,1.80999994277954,0.0,0.0,0.0,1.79999995231628,0.0,0,0,90,1350,1965,2817
7086361926,2016-04-24,3520,2.16000008583069,2.16000008583069,0.0,0.0,0.0,2.15000009536743,0.0,0,0,125,566,2049,3520
7086361926,2016-04-30,14560,9.40999984741211,9.40999984741211,0.0,3.11999988555908,1.03999996185303,5.23999977111816,0.0,42,17,308,584,2995,14560
7086361926,2016-05-01,12390,8.06999969482422,8.06999969482422,0.0,2.29999995231628,0.899999976158142,4.84999990463257,0.0,30,15,258,685,2730,12390
7086361926,2016-05-05,8564,5.59999990463257,5.59999990463257,0.0,1.77999997138977,0.829999983310699,2.95000004768372,0.0,24,14,149,1253,2386,8564
7086361926,2016-05-08,10677,7.09999990463257,7.09999990463257,0.0,2.30999994277954,1.52999997138977,3.25,0.0,32,27,147,695,2534,10677
7086361926,2016-05-12,3789,2.55999994277954,2.55999994277954,0.0,0.379999995231628,0.270000010728836,1.88999998569489,0.0,5,4,58,343,1199,3789
8053475328,2016-04-30,7135,5.59000015258789,5.59000015258789,0.0,2.99000000953674,0.0599999986588955,2.53999996185303,0.0,27,1,131,1281,2408,7135
8053475328,2016-05-01,1170,0.850000023841858,0.850000023841858,0.0,0.0,0.0,0.850000023841858,0.0,0,0,51,1389,1886,1170
8053475328,2016-05-02,1969,1.42999994754791,1.42999994754791,0.0,0.0,0.0,1.42999994754791,0.0,0,0,95,1345,1988,1969
8053475328,2016-05-12,4998,3.91000008583069,3.91000008583069,0.0,2.95000004768372,0.200000002980232,0.759999990463257,0.0,28,4,39,839,1505,4998
8253242879,2016-04-14,5234,3.46000003814697,3.46000003814697,0.0,1.92999994754791,0.990000009536743,0.540000021457672,0.0,29,16,33,1362,1705,5234
8253242879,2016-04-15,2672,1.76999998092651,1.76999998092651,0.0,0.0,0.0,1.75999999046326,0.0,0,0,105,1335,1632,2672
8253242879,2016-04-18,5151,3.48000001907349,3.48000001907349,0.0,1.03999996185303,0.629999995231628,1.79999995231628,0.0,16,16,130,1278,1829,5151
8253242879,2016-04-19,4212,2.77999997138977,2.77999997138977,0.0,0.0,0.0,2.77999997138977,0.0,0,0,164,1276,1763,4212
8253242879,2016-04-22,2824,1.87000000476837,1.87000000476837,0.0,0.0,0.0,1.87000000476837,0.0,0,0,120,1320,1651,2824
8253242879,2016-04-23,9282,6.26000022888184,6.26000022888184,0.0,2.08999991416931,1.03999996185303,3.13000011444092,0.0,30,26,191,1193,2132,9282
8253242879,2016-04-26,4562,3.03999996185303,3.03999996185303,0.0,1.17999994754791,0.490000009536743,1.37000000476837,0.0,19,14,108,1299,1813,4562
8253242879,2016-04-28,2718,1.79999995231628,1.79999995231628,0.0,0.670000016689301,0.779999971389771,0.340000003576279,0.0,11,16,20,1393,1580,2718
8253242879,2016-04-29,6260,4.26000022888184,4.26000022888184,0.0,1.28999996185303,0.540000021457672,2.40000009536743,0.0,16,14,136,1257,1854,6260
8378563200,2016-04-17,2132,1.69000005722046,1.69000005722046,0.0,0.0,0.0,1.69000005722046,0.0,0,0,93,599,2572,2132
8378563200,2016-04-23,5709,4.53000020980835,4.53000020980835,0.0,1.51999998092651,0.519999980926514,2.48000001907349,0.0,19,10,136,740,2908,5709
8378563200,2016-04-24,3703,2.94000005722046,2.94000005722046,0.0,0.0,0.0,2.94000005722046,0.0,0,0,135,734,2741,3703
8378563200,2016-04-27,7359,5.84000015258789,5.84000015258789,0.0,0.330000013113022,0.180000007152557,5.32999992370605,0.0,4,4,192,676,3061,7359
8378563200,2016-04-28,5417,4.30000019073486,4.30000019073486,0.0,0.899999976158142,0.490000009536743,2.91000008583069,0.0,11,10,139,711,2884,5417
8378563200,2016-04-29,6175,4.90000009536743,4.90000009536743,0.0,0.25,0.360000014305115,4.26999998092651,0.0,3,7,172,767,2982,6175
8378563200,2016-04-30,2946,2.33999991416931,2.33999991416931,0.0,0.0,0.0,2.33999991416931,0.0,0,0,121,780,2660,2946
8378563200,2016-05-04,7875,6.23999977111816,6.23999977111816,0.0,1.55999994277954,0.490000009536743,4.19999980926514,0.0,19,10,167,680,3110,7875
8378563200,2016-05-07,4468,3.53999996185303,3.53999996185303,0.0,0.0,0.0,3.53999996185303,0.0,0,0,158,851,2799,4468
8378563200,2016-05-08,2943,2.32999992370605,2.32999992370605,0.0,0.0,0.0,2.32999992370605,0.0,0,0,139,621,2685,2943
8378563200,2016-05-12,4561,3.61999988555908,3.61999988555908,0.0,0.649999976158142,0.270000010728836,2.69000005722046,0.0,8,6,102,433,1976,4561
8583815059,2016-04-12,5014,3.91000008583069,3.91000008583069,0.0,0.0,0.330000013113022,3.57999992370605,0.0,0,7,196,1237,2650,5014
8583815059,2016-04-13,5571,4.34999990463257,4.34999990463257,0.0,0.150000005960464,0.970000028610229,3.23000001907349,0.0,2,23,163,1252,2654,5571
8583815059,2016-04-14,3135,2.45000004768372,2.45000004768372,0.0,0.0,0.0,2.4300000667572,0.0,0,0,134,1306,2443,3135
8583815059,2016-04-15,3430,2.6800000667572,2.6800000667572,0.0,0.0,0.0,0.899999976158142,0.0,0,0,65,1375,2505,3430
8583815059,2016-04-16,5319,4.15000009536743,4.15000009536743,0.0,0.0,0.0,0.0,0.0,0,0,0,1440,2693,5319
8583815059,2016-04-17,3008,2.34999990463257,2.34999990463257,0.0,0.0,0.0,0.0,0.0,0,0,0,1440,2439,3008
8583815059,2016-04-18,3864,3.00999999046326,3.00999999046326,0.0,0.310000002384186,1.05999994277954,1.35000002384186,0.0,4,22,105,1309,2536,3864
8583815059,2016-04-19,5697,4.44000005722046,4.44000005722046,0.0,0.529999971389771,0.479999989271164,3.44000005722046,0.0,7,10,166,1257,2668,5697
8583815059,2016-04-20,5273,4.1100001335144,4.1100001335144,0.0,0.0,1.03999996185303,3.0699999332428,0.0,0,27,167,1246,2647,5273
8583815059,2016-04-21,8538,6.65999984741211,6.65999984741211,0.0,2.63000011444092,1.01999998092651,3.00999999046326,0.0,35,18,158,1229,2883,8538
8583815059,2016-04-25,4503,3.50999999046326,3.50999999046326,0.0,1.47000002861023,0.239999994635582,1.80999994277954,0.0,18,6,122,1294,2547,4503
8583815059,2016-04-28,6174,4.82000017166138,4.82000017166138,0.0,0.0,1.20000004768372,3.60999989509583,0.0,0,28,203,1209,2757,6174
8583815059,2016-04-30,10085,7.86999988555908,7.86999988555908,0.0,0.150000005960464,1.27999997138977,6.42999982833862,0.0,2,28,317,1093,3164,10085
8583815059,2016-05-01,4512,3.51999998092651,3.51999998092651,0.0,0.779999971389771,0.119999997317791,2.03999996185303,0.0,10,2,117,1311,2596,4512
8583815059,2016-05-02,8469,6.6100001335144,6.6100001335144,0.0,0.0,0.0,0.0,0.0,0,0,0,1440,2894,8469
8583815059,2016-05-03,12015,9.36999988555908,9.36999988555908,0.0,0.0,0.0,0.0,0.0,0,0,0,1440,3212,12015
8583815059,2016-05-04,3588,2.79999995231628,2.79999995231628,0.0,0.0,0.0,0.0,0.0,0,0,0,1440,2516,3588
8583815059,2016-05-05,12427,9.6899995803833,9.6899995803833,0.0,0.0,0.0,1.17999994754791,0.0,0,0,70,1370,3266,12427
8583815059,2016-05-06,5843,4.55999994277954,4.55999994277954,0.0,0.140000000596046,1.19000005722046,3.23000001907349,0.0,2,22,166,1250,2683,5843
8583815059,2016-05-07,6117,4.76999998092651,4.76999998092651,0.0,0.0,0.0,4.76999998092651,0.0,0,0,250,1190,2810,6117
8792009665,2016-04-12,2564,1.63999998569489,1.63999998569489,0.0,0.0,0.0,1.63999998569489,0.0,0,0,116,831,2044,2564
8792009665,2016-04-13,1320,0.839999973773956,0.839999973773956,0.0,0.0,0.0,0.839999973773956,0.0,0,0,82,806,1934,1320
8792009665,2016-04-14,1219,0.779999971389771,0.779999971389771,0.0,0.0,0.0,0.779999971389771,0.0,0,0,84,853,1963,1219
8792009665,2016-04-15,2483,1.5900000333786,1.5900000333786,0.0,0.0,0.0,1.5900000333786,0.0,0,0,126,937,2009,2483
8792009665,2016-04-16,244,0.159999996423721,0.159999996423721,0.0,0.0,0.0,0.159999996423721,0.0,0,0,12,1428,1721,244
8792009665,2016-04-17,0,0.0,0.0,0.0,0.0,0.0,0.0,0.0,0,0,0,1440,1688,0
8792009665,2016-04-18,0,0.0,0.0,0.0,0.0,0.0,0.0,0.0,0,0,0,1440,1688,0
8792009665,2016-04-19,0,0.0,0.0,0.0,0.0,0.0,0.0,0.0,0,0,0,1440,1688,0
8792009665,2016-04-20,3147,2.00999999046326,2.00999999046326,0.0,0.0,0.280000001192093,1.74000000953674,0.0,0,10,139,744,2188,3147
8792009665,2016-04-21,144,0.0900000035762787,0.0900000035762787,0.0,0.0,0.0,0.0900000035762787,0.0,0,0,9,1431,1720,144
8792009665,2016-04-22,4068,2.59999990463257,2.59999990463257,0.0,0.0500000007450581,0.280000001192093,2.26999998092651,0.0,1,20,195,817,2419,4068
8792009665,2016-04-24,400,0.259999990463257,0.259999990463257,0.0,0.0399999991059303,0.0500000007450581,0.159999996423721,0.0,3,8,19,1410,1799,400
8792009665,2016-04-25,0,0.0,0.0,0.0,0.0,0.0,0.0,0.0,0,0,0,1440,1688,0
8792009665,2016-04-26,1321,0.850000023841858,0.850000023841858,0.0,0.0,0.0,0.850000023841858,0.0,0,0,80,1360,1928,1321
8792009665,2016-04-27,1758,1.12999999523163,1.12999999523163,0.0,0.0,0.0,1.12999999523163,0.0,0,0,112,900,2067,1758
8792009665,2016-04-28,6157,3.94000005722046,3.94000005722046,0.0,0.0,0.0,3.94000005722046,0.0,0,0,310,714,2780,6157
8792009665,2016-04-29,8360,5.34999990463257,5.34999990463257,0.0,0.140000000596046,0.280000001192093,4.92999982833862,0.0,6,14,380,634,3101,8360
8792009665,2016-04-30,7174,4.59000015258789,4.59000015258789,0.0,0.330000013113022,0.360000014305115,3.91000008583069,0.0,10,20,301,749,2896,7174
8792009665,2016-05-01,1619,1.03999996185303,1.03999996185303,0.0,0.0,0.0,1.03999996185303,0.0,0,0,79,834,1962,1619
8792009665,2016-05-02,1831,1.16999995708466,1.16999995708466,0.0,0.0,0.0,1.16999995708466,0.0,0,0,101,916,2015,1831
8792009665,2016-05-03,2421,1.54999995231628,1.54999995231628,0.0,0.0,0.0,1.54999995231628,0.0,0,0,156,739,2297,2421
8792009665,2016-05-04,2283,1.46000003814697,1.46000003814697,0.0,0.0,0.0,1.46000003814697,0.0,0,0,129,848,2067,2283
8792009665,2016-05-05,0,0.0,0.0,0.0,0.0,0.0,0.0,0.0,0,0,0,1440,1688,0
8792009665,2016-05-06,0,0.0,0.0,0.0,0.0,0.0,0.0,0.0,0,0,0,1440,1688,0
8792009665,2016-05-07,0,0.0,0.0,0.0,0.0,0.0,0.0,0.0,0,0,0,1440,1688,0
8792009665,2016-05-08,0,0.0,0.0,0.0,0.0,0.0,0.0,0.0,0,0,0,1440,1688,0
8792009665,2016-05-09,0,0.0,0.0,0.0,0.0,0.0,0.0,0.0,0,0,0,1440,1688,0
8877689391,2016-04-18,11423,8.67000007629395,8.67000007629395,0.0,2.44000005722046,0.270000010728836,5.94000005722046,0.0,29,5,191,1215,2761,11423
8877689391,2016-04-26,11101,8.43000030517578,8.43000030517578,0.0,1.75999999046326,0.129999995231628,6.5,0.0,22,3,258,1157,2860,11101
8877689391,2016-04-29,9733,7.3899998664856,7.3899998664856,0.0,1.37999999523163,0.170000001788139,5.78999996185303,0.0,18,5,210,1207,2698,9733
8877689391,2016-05-01,10930,8.31999969482422,8.31999969482422,0.0,3.13000011444092,0.569999992847443,4.57000017166138,0.0,36,12,166,1226,2786,10930
8877689391,2016-05-02,4790,3.64000010490417,3.64000010490417,0.0,0.0,0.0,3.55999994277954,0.0,0,0,105,1335,2189,4790
8877689391,2016-05-08,10686,8.10999965667725,8.10999965667725,0.0,1.08000004291534,0.200000002980232,6.80000019073486,0.0,17,4,245,1174,2847,10686
8877689391,2016-05-10,10733,8.14999961853027,8.14999961853027,0.0,1.35000002384186,0.46000000834465,6.28000020980835,0.0,18,11,224,1187,2832,10733
8877689391,2016-05-12,8064,6.11999988555908,6.11999988555908,0.0,1.82000005245209,0.0399999991059303,4.25,0.0,23,1,137,770,1849,8064
